created_at,id
Sat Mar 30 16:39:37 +0000 2024,1774114267261767898
Tue Mar 26 13:19:04 +0000 2024,1772614245957480498
Sat Mar 23 16:18:30 +0000 2024,1771572238476529776
Fri Mar 22 22:44:22 +0000 2024,1771306955031859405
Fri Mar 22 02:23:56 +0000 2024,1770999823031820373
Mon Mar 18 15:02:47 +0000 2024,1769741243339141413
Sat Mar 16 16:02:57 +0000 2024,1769031611738149081
Fri Mar 15 00:17:24 +0000 2024,1768431267505213672
Wed Mar 13 15:36:05 +0000 2024,1767937685555941574
Tue Mar 05 21:15:42 +0000 2024,1765124049976299727
Mon Mar 04 18:18:57 +0000 2024,1764717181055508590
Sun Mar 03 14:14:51 +0000 2024,1764293361437909406
